Typhoon,Province,Project Name,Location,Latitude,Longitude,Buffer,Classification,Full Project Title
Yolanda,Cebu,Maya Park,"Brgy. Maya, Daanbantayan, Cebu",11.2710090,124.0489670,230,Identified,Maya Park Homes
Yolanda,Cebu,Lanao Unity Park,"Brgy. Lanao, Daanbantayan, Cebu",11.2484690,124.0222240,280,Identified,Lanao Unity Park Homes
Yolanda,Cebu,Daanbantayan 3,"Brgy. Tominjao, Daanbantayan, Cebu",11.2214640,124.0367880,260,Probable,Green Heights 1 (Daanbantayan 3)
Yolanda,Cebu,Daanbantayan 4,"Brgy. Tominjao, Daanbantayan, Cebu",11.1730750,124.0153800,160,Identified,Green Heights 2 (Daanbantayan 4)
Yolanda,Cebu,Daanbantayan Site 1,"Brgy. Tapilon, Daanbantayan Site 1, Cebu",11.2601640,124.0366110,160,Identified,Kandaya Homes 1 (Daanbantayan Site 1)
Yolanda,Cebu,Daanbantayan Site 2,"Brgy. Paypay, Daanbantayan Site 2, Cebu",11.2098650,123.9731460,210,Identified,Kandaya Homes 2 (Daanbantayan Site 2)
Yolanda,Cebu,Olivo Heights,"Brgy. Olivo, Tabuelan, Cebu",10.8606740,123.8814840,130,Identified,Olivo Heights
Yolanda,Cebu,Northview Park,"Brgy. Antipulo, Medellin, Cebu",11.1565070,123.9477500,230,Identified,Northview Park Homes
Yolanda,Cebu,Northview Park 2,"Brgy. Panugnawan, Medellin, Cebu",11.1662190,123.9945890,190,Identified,Northview Park Homes 2
Yolanda,Cebu,Lawis Residences ,"Brgy. Lawis, San Remegio, Cebu",11.0509220,123.9491080,240,Probable,Lawis Residences (St. John the Baptist Residences 
Yolanda,Cebu,San Remigio Heights,"Brgy. Tambongon, San Remegio, Cebu",11.0181510,123.9218870,180,Identified,San Remigio Heights (Tambongon Townhomes)
Yolanda,Cebu,Bogo Housing Project,"Brgy. Banban (Cayang Site 1 and 2), Bogo, Cebu",11.0193090,123.9505600,200,Probable,St. Vincent Ferrer Homes 1 and 2 (Bogo Housing Project Site 1 and 2) 
Yolanda,Cebu,Seawood Residences,"Brgy. Camoboan, Tabogon, Cebu",10.9564390,124.0286980,120,Identified,Seawood Residences (Tabogon) 
Yolanda,Cebu,Borbon Housing Project,"Brgy. Tagnucan, Tabogon, Cebu",10.8796990,124.0417930,220,Probable,Borbon Housing Project (Borbon)
Yolanda,Cebu,Sogod Housing Project,"Brgy. Takay, Sogod, Cebu",10.8065010,123.9555960,140,Probable,Sogod Housing Project (Sogod)
Yolanda,Cebu,Lantawan Homes ,"Brgy. Antipolo, Tuburan, Cebu ",10.6697200,123.7790880,100,Identified,Lantawan Homes (Tuburan Ville) 
Yolanda,Cebu,Sto. Niño Homes,"Brgy. Maricaban, Santa Fe, Cebu",11.1527580,123.7826270,190,Identified,Sto. Niño Homes (Santa Fe Sunsetville)
Yolanda,Cebu,Balai Bantayan 1,"Brgy. Kabac, Site 1, Bantayan, Cebu",11.2342800,123.7077120,290,Identified,Balai Bantayan 1
Yolanda,Cebu,Kabyayan ni Orongel,"Brgy. Kampinganon, Bantayan, Cebu",11.2476670,123.7249920,140,Probable,Kabyayan ni Orongel (formerly Villa Mercedes 1)
Yolanda,Cebu,Kabyayan ni Datu Leon,"Brgy. Sillon, Bantayan, Cebu",11.1995270,123.7698150,250,Identified,Kabyayan ni Datu Leon (formerly Villa Mercedes 3)
Yolanda,Cebu,Poro,Cebu,10.6857720,124.4110230,80,Probable,Poro
Yolanda,Cebu,Tudela Permanent Housing Project,"Tudela, Cebu",10.6416810,124.4813010,100,Probable,Tudela Permanent Housing Project
Yolanda,Cebu,St. Francis Park Homes 2,"Brgy. Kodia, Madridejos, Cebu",11.2487510,123.7178180,220,Identified,St. Francis Park Homes 2 (Madridejos Site 2)
Yolanda,Leyte,Kawayan Ville,"Brgy, Kawayan, Tacloban City",11.3232260,124.9545210,230,Identified,Kawayan Ville I and II
Yolanda,Leyte,Villa Diana,"Brgy. New Kawayan, Tacloban City, Leyte",11.3312560,124.9530630,120,Identified,Villa Diana
Yolanda,Leyte,Ridge View Park,"Brgy. Cabalawan, Tacloban City, Leyte",11.3010190,124.9528800,270,Identified,Ridge View Park 1
Yolanda,Leyte,New Hope Village,"Brgy. New Kawayan & Brgy. Sta. Elena, Tacloban City, Leyte",11.3413320,124.9440840,220,Identified,New Hope Village
Yolanda,Leyte,Knightsridge Residences,"Brgy. Camansihay, Tacloban City, Leyte",11.3043630,124.9409410,240,Probable,Knightsridge Residences
Yolanda,Leyte,Villa Sofia,"Brgy. Tagpuro, Tacloban City, Leyte",11.3439730,124.9661350,200,Identified,Villa Sofia
Yolanda,Leyte,North Hill Arbours,"Brgy. Sto. Niño (Suhi), Tacloban City",11.3235190,124.9473650,330,Identified,North Hill Arbours
Yolanda,Leyte,Salvacion Heights,"Brgy. Salvacion (Tigbao), Tacloban City, Leyte",11.2269670,124.9526860,180,Identified,Salvacion Heights
Yolanda,Leyte,Guadalupe Heights,"Brgy. San Isidro (Suhi), Tacloban City, Leyte",11.3180760,124.9444580,500,Identified,"Guadalupe Heights 1, 2 and 3 with Greendale Residences"
Yolanda,Leyte,St. Francis Village,"Brgy. Suhi, Tacloban City",11.3194480,124.9569160,230,Probable,St. Francis Village
Yolanda,Leyte,Pope Francis Village,"Brgy. 99, Diit, Tacloban City",11.2604680,124.9613350,240,Identified,Pope Francis Village
Yolanda,Leyte,Kapuso Village Project Palo,"Brgy. San Jose, Palo, Leyte",11.1735720,124.9807250,100,Identified,Kapuso Village Project Palo
Yolanda,Leyte,Ver Dominic Heights,"Brgy. San Jose, Palo Site 1, Leyte",11.1758700,124.9842720,190,Probable,Ver Dominic Heights
Yolanda,Leyte,Prime Town Phase 1,"Brgy. Pago, Tanauan, Leyte",11.1019750,125.0013340,120,Identified,Prime Town Phase 1
Yolanda,Leyte,Prime Town Phase 3,"Brgy. Sacme, Tanauan, Leyte",11.0708210,125.0188360,210,Identified,Prime Town Phase 3
Yolanda,Leyte,Channel Ridge View,"Brgy. Poblacion, Babatngon, Leyte",11.4191220,124.8404780,350,Identified,Channel Ridge View
Yolanda,Leyte,Pastrana Ville,"Brgy. Aringit, Pastrana, Leyte",11.1170050,124.8820180,300,Identified,Pastrana Ville
Yolanda,Leyte,Carigara Housing Project,"Brgy. Parag-um, Carigara, Leyte",11.2646290,124.7261010,200,Probable,Carigara Housing Project
Yolanda,Leyte,Carigara Housing Project 1,"Brgy. Sagkahan, Carigara, Leyte",11.2811280,124.7282010,170,Identified,Carigara Housing Project 1
Yolanda,Leyte,Ecoville,"Brgy. Sagkahan, Carigara, Leyte",11.2800590,124.7219120,300,Identified,Ecoville 1&2 
Yolanda,Leyte,Vergabriel's Heights Subdivision,"Brgy. Parag-um, Carigara, Leyte",11.2645810,124.7260340,200,Identified,Vergabriel's Heights Subdivision
Yolanda,Leyte,Mayorga Towne Homes,"Brgy. A. Bonifacio, Mayorga, Leyte",10.9002030,124.9753670,120,Probable,Mayorga Towne Homes
Yolanda,Leyte,Paglaum Ville,"Brgy. San Isidro, McArthur, Leyte",10.8290670,124.9928990,90,Probable,Paglaum Ville
Yolanda,Leyte,Mont Eagle Ville IV,"Brgy. Cangmoya Site 1, Palompon, Leyte",10.9882310,124.4299690,280,Identified,Mont Eagle Ville IV Subdivision Site 1
Yolanda,Leyte,Tolosa Haiyan Village,"Brgy. Tanghas, Tolosa, Leyte",11.0529540,125.0310860,200,Probable,Tolosa Haiyan Village & St. Michael Residences
Yolanda,Leyte,Matlang Heights,"Matlang, Isabel, Leyte",10.8945800,124.4561390,250,Identified,Matlang Heights 1-2
Yolanda,Leyte,Coconut Grove Subdivision,"Brgy. Dita, Julita, Leyte",10.9724290,124.9484480,130,Probable,Coconut Grove Subdivision
Yolanda,Leyte,Bagong Pag-Asa Subdivision,"Brgy. Margen Site 1 (and 2), Ormoc City, Leyte",11.0210360,124.5308450,300,Probable,Bagong Pag-Asa Subdivision Phase 1 and 2 
Yolanda,Leyte,Villa Soledad,"Brgy. Punta and Jaena, Baybay City, Leyte",10.6356200,124.7826690,200,Identified,Villa Soledad
Yolanda,Leyte,Virlyn Heights Subdivision,"Brgy. Sambel, Barauen, Leyte",10.9470980,124.9072740,120,Probable,Virlyn Heights Subdivision
Yolanda,Leyte,Tabango Ville,"Brgy. Manlawaan, Tabango, Leyte",11.3330940,124.4231000,100,Probable,Tabango Ville
Yolanda,Leyte,Dulag Town Ville,"Brgy. San Antonio, Dulag, Leyte",10.9505640,125.0276210,110,Probable,Dulag Town Ville
Yolanda,Leyte,Barugo Town Ville ,"Brgy. Busay, Barugo, Leyte",11.3249790,124.7708850,190,Probable,Barugo Town Ville Phase 1 & 2 
Yolanda,Leyte,Villa Verde,"Brgy. Iligay, Villaba, Leyte",11.2538270,124.4475240,180,Probable,Villa Verde
Yolanda,Leyte,Capoocan Village,"Brgy. Balucanad, Capoocan, Leyte",11.2816770,124.6460160,200,Identified,Capoocan Village
Yolanda,Leyte,Dagami Town Ville,"Brgy. Sawahon, Dagami, Leyte",11.0708340,124.8763920,120,Identified,Dagami Town Ville
Yolanda,Leyte,Sta. Fe Village Site 1,"Brgy. Bulod, Sta. Fe, Leyte",11.1731390,124.9245210,130,Probable,Sta. Fe Village Site 1
Yolanda,Leyte,Cool Spring Residences,"Brgy. Arado, Burauen, Leyte",10.9793560,124.9208600,120,Probable,Cool Spring Residences (Burauen Housing Project)
Yolanda,Samar,St. Genevieve Village,"Brgy. Tagpuro, Guiuan, Eastern Samar",11.0337770,125.7457320,150,,St. Genevieve Village
Yolanda,Samar,St. Genevieve Site 1 & 2,"Brgy. Sapao, Guiuan, Eastern Samar",11.0417420,125.7447550,190,,St. Genevieve Site 1 & 2
Yolanda,Samar,Eastwind Residences,"Brgy. Cogon, Guiuan, Eastern Samar",11.0460770,125.7268720,130,,Eastwind Residences
Yolanda,Samar,Samar Forestdale I,"Brgy. Cantubi, Balangkayan, Eastern Samar",11.4303280,125.4813500,140,,Samar Forestdale I (formerly Balangkayan Town Ville)
Yolanda,Samar,Balangiga Town Ville,"Brgy. Can-sumangkay, Balangiga, Eastern Samar",11.1074600,125.4205260,120,,Balangiga Town Ville
Yolanda,Samar,Hernani Town Ville,"Brgy. Nagaja, Hernani, Eastern Samar",11.3476300,125.6284100,200,,Hernani Town Ville
Yolanda,Samar,Quinapondan Town Ville,"Brgy. Buenavista, Quinapondan, Eastern Samar",11.1823480,125.5480390,190,,Quinapondan Town Ville
Yolanda,Samar,Gen. MacArthur Townville,"Brgy. Vigan, Gen. McArthur, Eastern Samar",11.2675640,125.5353130,190,,Gen. MacArthur Townville
Yolanda,Samar,Mont Peak Estate,"Brgy. San Isidro, Lawaan, Eastern Samar",11.1617740,125.3124710,230,,Mont Peak Estate (Lawaan Housing Project)
Yolanda,Samar,Salcedo Housing Project,"Brgy. Palanas, Salcedo, Eastern Samar",11.1375800,125.6341380,180,,Salcedo Housing Project
Yolanda,Samar,Rondale Residences,"Brgy. San Roque, Llorente, Eastern Samar",11.3922840,125.5835690,100,,Rondale Residences (Llorente Housing Project)
Yolanda,Samar,Giporlos Greenfields,"Brgy. 01-Poblacion, Giporlos, Eastern Samar",11.1132780,125.4446510,190,,Giporlos Greenfields
Yolanda,Samar,San Lorenzo Residences,"Brgy. Buyayawon, Mercedes, Eastern Samar",11.1025500,125.7056780,110,,San Lorenzo Residences
Yolanda,Samar,Basey Point and Basey Point 2A,"Brgy. Tingib, Basey, Samar",11.2802030,125.0297980,260,,Basey Point and Basey Point 2A
Yolanda,Samar,Basey Point 1 and 5,"Brgy, Tingib Site 1, Basey Samar",11.2820860,125.0232760,450,,Basey Point 1 and 5
Yolanda,Samar,Green Park 1 ,"Brgy. Sawa Ph. 1, Basey, Samar",11.2956790,125.0720690,210,,Green Park 1 
Yolanda,Samar,Green Park 2 ,"Brgy. Roxas, Basey, Samar",11.3079530,125.0474290,240,,Green Park 2 
Yolanda,Samar,Marabut Ville Site 1 ,"Brgy. Tag-alag, Marabut, Samar",11.2457820,125.1850580,240,,Marabut Ville Site 1 
Yolanda,Samar,Sta. Rita Greenfields,"Brgy. Old Manungca, Sta. Rita, Samar",11.4405410,125.0173050,140,,Sta. Rita Greenfields
Yolanda,Biliran,Vista del Mar 3,"Brgy. Cabibihan, Caibiran, Biliran",11.5787530,124.5505890,170,Identified,Vista del Mar 3
Yolanda,Biliran,Junction Ville,"Brgy. Cabibihan, Caibiran, Biliran",11.5844330,124.5499200,220,Identified,Junction Ville (Caibiran Housing Project/Jade Crown Meadows)
Yolanda,Biliran,Cool Mont Crest,"Brgy. Villacaneja Site 1, Naval, Biliran",11.5588510,124.4544690,220,,Cool Mont Crest
Yolanda,Biliran,Divine Grace Village,"Brgy. Burabod, Biliran, Biliran",11.4911200,124.4741680,180,Identified,Divine Grace Village
Yolanda,Biliran,San Antonio Village,"Brgy. Villa Enage, Biliran, Biliran",11.4709270,124.4839700,280,Identified,San Antonio Village
Yolanda,Biliran,Biliran Lucky Residences ,"Brgy. Busali, Biliran, Biliran",11.4888320,124.4525590,130,Probable,Biliran Lucky Residences (Villa de Pierre)
Yolanda,Biliran,Vermatthew Heights,"Brgy. Bato Site 1, Biliran, Biliran",11.5076330,124.4338810,200,Identified,Vermatthew Heights
Yolanda,Biliran,Villa El Blanco,"Brgy. Jamorawon, Almeria, Biliran",11.6071300,124.3856160,200,Identified,Villa El Blanco (Almeria Housing Proj. 1)
Yolanda,Biliran,Villa Abrea,"Brgy. Jamorawon Site 2, Almeria, Biliran",11.6085610,124.3949610,150,Identified,Villa Abrea (Almeria Hsg. Proj. 2)
Yolanda,Biliran,San Lorenzo Heights,"Brgy. Guinapondan Site 1, Culaba, Biliran",11.6376290,124.5538310,160,Identified,San Lorenzo Heights
Yolanda,Biliran,Mont Peak East,"Brgy. Baso, Cabucgayan, Biliran",11.4944250,124.5972650,130,Probable,Mont Peak East
Yolanda,Biliran,Mont Peak East 2,"Brgy. Pawikan, Cabucgayan, Biliran",11.4956490,124.5994600,130,Identified,Mont Peak East 2 (Cabucgayan Housing Project)
Yolanda,Antique,Capoyuan Homes 2,"Brgy Capoyuan Site 2, Barbaza, Antique",11.2392130,122.0749160,150,,Capoyuan Homes 2
Yolanda,Antique,Barbaza Residences 1,"Brgy Poblacion, Barbaza, Antique",11.1967386,122.0421739,140,,Barbaza Residences 1 (Barbaza site 1A)
Yolanda,Antique,Barbaza Residences 2,"Brgy Magtulis, Barbaza",11.1992550,122.0541800,140,,Barbaza Residences 2 (Barbaza site 2A)
Yolanda,Antique,Atabay Homes (Barbaza),"Brgy Esparar, Barbaza",11.2061310,122.0605290,160,,Atabay Homes (Barbaza)
Yolanda,Antique,Bugasong Resettlement Project,"Brgy Centro Ilauod, Bugasong",11.0354780,122.0603690,80,,Bugasong Resettlement Project (LGU Land)
Yolanda,Antique,Bugasong New Paradise Village 1,"Brgy Lacayon Site 1, Bugasong",11.0515050,122.0824710,350,,Bugasong New Paradise Village 1
Yolanda,Antique,Igbalangao Homes 1,"Brgy Igbalangao, Bugasong",11.0096200,122.0612860,270,,Bugasong Paradise Ville 1 (Igbalangao Homes 1)
Yolanda,Antique,Esperanza Homes 1,"Brgy Ezperanza Site 1, Culasi",11.4656310,122.0618330,410,,Esperanza Homes 1
Yolanda,Antique,Laua-an Resettlement Project,"Brgy Jaguiquican, Laua-an",11.0807219,122.0845573,115,,Laua-an Resettlement Project (LGU)
Yolanda,Antique,Villa Guinbanga-an Nuevo,Brgy Guinbanga-an Nuevo Laua-an,11.0868350,122.0806430,120,,Villa Guinbanga-an Nuevo
Yolanda,Antique,Villa Igtadiao Nuevo 1,"Brgy Igtadiao Site 1, Laua-an",11.1234770,122.0574050,70,,Villa Igtadiao Nuevo 1
Yolanda,Antique,Villa Igtadiao Nuevo 2 ,"Brgy Igtadiao Site 2, Laua-an",11.1217240,122.0547140,90,,Villa Igtadiao Nuevo 2 
Yolanda,Antique,Villa Lugta Nuevo,"Brgy Lugta, Laua-n",11.0828650,122.0514450,190,,Villa Lugta Nuevo
Yolanda,Antique,Villa Lindero NUevo,"Brgy Lindero, Laua-an",11.1131940,122.0519130,100,,Villa Lindero NUevo
Yolanda,Antique,Villa Lupa-an Nuevo 1,Brgu Lupa-an Site 1,11.1376710,122.0714610,120,,Villa Lupa-an Nuevo 1
Yolanda,Antique,Villa Lupa-an Nuevo 2,Brgy Lupa-an Site 2,11.1411020,122.0738230,70,,Villa Lupa-an Nuevo 2
Yolanda,Antique,Villa Lindero Nuevo 2,"Brgy Lindero, Laua-an",11.1131940,122.0519130,100,,Villa Lindero Nuevo 2
Yolanda,Antique,Sta. Cruz Homes Site 1,"Brgy Sta. Cruz, Pandan",11.7672490,122.0956180,150,,Sta. Cruz Homes Site 1
Yolanda,Antique,Guia Homes,"Brgy Guia, Pandan",11.7592910,122.0682547,200,,Guia Homes
Yolanda,Antique,Tingib Homes,"Brgy Tingib, Pandan",11.7433130,122.0404660,200,,Tingib Homes
Yolanda,Antique,Sta. Cruz People's Village,"Brgy Sta. Cruz, Pandan",11.7675170,122.0957940,200,,Sta. Cruz People's Village (Pandan Site 1A)
Yolanda,Antique,Pobalcion Village,"Brgy Poblacion, Patnongon",10.9294820,122.0106460,100,,Pobalcion Village
Yolanda,Antique,San Rafael Prosperity Homes,"Brgy San Rafael, Patnongon",10.8977660,122.0081350,150,,San Rafael Prosperity Homes
Yolanda,Antique,Sebaste People's Village,"Brgy Aras-asan, Sebaste",11.5318280,122.0912920,125,,Sebaste People's Village
Yolanda,Antique,GBB People's Village,"Brgy Importante, Tibiao",11.2991250,122.0608860,179,,GBB People's Village
Yolanda,Antique,San Francisco Norte People's Village,"Brgy San Francisco Norte, Tibiao",11.3299976,122.0571766,150,,San Francisco Norte People's Village
Yolanda,Aklan,Altavas Homes,"Brgy Talon (Site 1) Altavas, Aklan",11.5084190,122.4445952,250,,Altavas Homes Site 1
Yolanda,Aklan,Batan Permanent Housing,"Brgy Bay-Ang Site 1, Batan, Aklan",11.5886740,122.4504150,180,,Batan Permanent Housing
Yolanda,Aklan,Briones Homes,"Brgy Briones, Kalibo, Aklan",11.6707403,122.4022574,200,,Briones Homes
Yolanda,Aklan,New Washington Housing,"Brgy Fatima Site 1, New Washington",11.6066700,122.4891900,300,,New Washington Housing Proj Site 1
Yolanda,Aklan,Cardinal Ville,"Brgy Lawaan, New Washington",11.6199470,122.4038460,175,,Cardinal Ville (New Washington 5)
Yolanda,Aklan,Olympus Residences 1,"Brgy Ochando Site 1, New Washington",11.6141160,122.4719530,300,,Olympus Residences 1
Yolanda,Aklan,Shimonette Homes,"Brgy Jugas,New Washington, AKlan",11.6220260,122.3756130,250,,Shimonette Homes
Yolanda,Aklan,Olympus Residences 5,"Brgy Candelaria, New Washington, Aklan",11.6282020,122.3893960,70,,Olympus Residences 5
Yolanda,Aklan,Tangalan Housing Project,"Brgy. Jawili, Tangalan, Aklan",11.7859220,122.2304750,120,,Tangalan Housing Project
Yolanda,Aklan,Bagongbayan People's Village,"Brgy. Bagumbayan, Buruanga, Aklan",11.7848690,121.8797810,150,,Bagongbayan People's Village
Yolanda,Aklan,Malay NHA Yolanda Housing,"Brgy Dumlog, Malay Aklan",11.8939820,121.9129760,70,,Malay NHA Yolanda housing
Yolanda,Aklan,Numancia Housing Project,"Brgy Albasan, numancia, Aklan",11.7232110,122.3366770,125,,Numancia Housing Project
Rolly,Albay,Tabaco Housing Project,"Brgy. San Vicente, Tabaco City, Albay",13.3607811,123.6998399,125,Identified,Tabaco Housing Project
Usman,Albay,Balai Tiwi,"Brgy. Bagumbayan, Tiwi, Albay",13.4440377,123.6530478,340,Identified,Balai Tiwi (Bagumbayan Resettlement Proj. Site 1)
Usman,Camarines Sur,Buhi Resettlement Project,"Brgy. De La Fe, Buhi, Camarines Sur",13.4309673,123.4903932,210,Identified,Buhi Resettlement Project
Nina,Catanduanes,Bagamanoc Resettlement Project,"Brgy. San Rafael, Bagamanoc, Catanduanes",13.9453593,124.2817284,70,Identified,Bagamanoc Resettlement Project
Nina,Catanduanes,Our Lady's Village Residential Project,"Brgy. San Isidro and Cavinitan, Virac, Catanduanes",13.5722153,124.1994078,240,Identified,Our Lady's Village Residential Project
Lando,Aurora,Dinalungan Heights Expansion,"Brgy. Nipoo, Dinalungan, Aurora",16.1585249,121.9818429,200,Identified,Dinalungan Heights Expansion
Lando,Aurora,San Luis Villas Res.,"Brgy. Ditumabo, San Luis, Aurora",15.7012820,121.4637554,150,Identified,San Luis Villas Res.
Labuyo,Aurora,Dinalungan Heights,"Dinalungan, Aurora",16.1585249,121.9818429,200,Identified,Dinalungan Heights
Pablo,Davao De Oro,San Antonio Village,"Brgy. Maparat, Compostela Valley",7.6878612,126.0467876,600,Identified,San Antonio Village
Pablo,Davao De Oro,Monkayo Hsg. Proj. 1,"Brgy. Baylo, Monkayo, Compostela Valley",7.8480736,126.0705905,250,Identified,Monkayo Hsg. Proj. 1
Pablo,Davao De Oro,Monkayo Hsg. Proj. 2,"Brgy. Banlag, Monkayo, Compostela Valley",7.8170193,126.0302661,180,Identified,Monkayo Hsg. Proj. 2
Pablo,Davao De Oro,Monkayo Hsg. Proj. 3,"Brgy. Union, Monkayo, Compostela Valley",7.8047361,126.1040573,490,Identified,Monkayo Hsg. Proj. 3
Pablo,Davao De Oro,Monkayo Hsg. Proj. 3A,"Brgy. Union, Monkayo, Compostela Valley",7.8032542,126.0990178,300,Identified,Monkayo Hsg. Proj. 3A
Pablo,Davao De Oro,Monkayo Hsg. Proj. 4,"Brgy. Poblacion, Monkayo, Compostela Valley",7.8315962,126.0708915,300,Identified,Monkayo Hsg. Proj. 4
Pablo,Davao De Oro,Monkayo Hsg. Proj. 5,"Brgy. Upper Ulip, Monkayo, Compostela Valley",7.8175417,126.1253116,170,Identified,Monkayo Hsg. Proj. 5
Pablo,Davao De Oro,Olive Heights Ville,"Brgy. Poblacion, Monkayo, Compostela Valley",7.8238955,126.0632102,300,Identified,Olive Heights Ville
Pablo,Davao De Oro,Lower Ulip Resettlement Proj.,"Brgy. Poblacion, Monkayo, Compostela Valley",7.8030705,126.0629352,250,Identified,Lower Ulip Resettlement Proj.
Pablo,Davao De Oro,Sariwarain Village,"Brgy. Union, Monkayo, Compostela Valley",7.8073503,126.0810045,250,Identified,Sariwarain Village
Pablo,Davao De Oro,Sarimagdaleno Village,"Brgy. Olaycon, Monkayo, Compostela Valley",7.7906744,126.0338748,250,Identified,Sarimagdaleno Village
Pablo,Davao De Oro,RJ Village (formerly Laak Hsg. Proj),"Brgy. Tubo-tubo, Monkayo, Compostela Valley",7.7917569,126.0941665,200,Identified,RJ Village (formerly Laak Hsg. Proj)
Pablo,Davao De Oro,Mont Eagle Ville Subdv.,"Brgy. Kidawa, Laak, Compostela Valley",7.9052245,125.9068791,500,Identified,Mont Eagle Ville Subdv.
Pablo,Davao De Oro,Vida Vista Subdivision,"Brgy. New Visayas, Montevista, Compostela Valley",7.6837683,126.0243445,330,Identified,Vida Vista Subdivision
Pablo,Davao De Oro,New Bataan Resettlement,"Brgy. San Roque, New Bataan, Compostela Valley",7.5892040,126.1369591,650,Probable,New Bataan Resettlement Proj. 1 & 2
Pablo,Davao De Oro,Balai Maal'lag Onsite,"New Bataan, Davao de Oro",7.5197087,126.1594179,200,Identified,Balai Maal'lag Onsite
Pablo,Davao Oriental,San Alfonso Village,"Brgy. San Alfonso, Cateel, Davao Oriental",7.8055415,126.4163859,230,Probable,San Alfonso Village
Pablo,Davao Oriental,San Antonio III,"Brgy. San Antonio, Cateel, Davao Oriental",7.7291484,126.4628740,200,Identified,San Antonio III
Pablo,Davao Oriental,Cateel Housing Project,"Brgy. Taytayan, Cateel, Davao Oriental",7.7115374,126.4183048,200,Identified,Cateel Hsg. Proj.
Pablo,Davao Oriental,Baculin  Housing Project,"Brgy. Baculin, Baganga, Davao Oriental",7.4548967,126.5800225,350,Identified,Baculin Hsg. Proj.
Pablo,Davao Oriental,Kinablangan Housing Project,"Brgy. Kinablangan, Baganga, Davao Oriental",7.6939586,126.5458196,250,Identified,Kinablangan Hsg. Proj.
Pablo,Davao Oriental,Caraga Housing Project,"Brgy. Central, Caraga, Davao Oriental",7.3303964,126.5459130,150,Identified,Caraga Hsg. Proj.
Pablo,Davao Oriental,Boston Resettlement Project,"Brgy. Carmen, Boston, Davao Oriental",7.8743002,126.3526635,150,Identified,Boston Resettlement Proj.
Pablo,Davao Oriental,MVP Homes,"Brgy. Lambajon, Mati City, Davao Oriental",7.6085088,126.5585317,170,Probable,Land Development for MVP Homes
Sendong,Negros Oriental,Banilad Plains View,"Dumaguete City, Negros Oriental",9.2744309,123.2887447,170,Identified,Banilad Plains View
Sendong,Misamis Oriental,NHA-CDO Bayanihan VIII 1,"Brgy. Macapaya, Camaman-an, Cagayan de Oro City",8.4458000,124.6713100,170,Identified,NHA-CDO Bayanihan VIII Ph. 1
Sendong,Misamis Oriental,[NHA-CDO Bayanihan Village 2,"Brgy. Macapaya, Camaman-an, Cagayan de Oro City",8.4483000,124.6709000,130,Identified,[NHA-CDO Bayanihan Village Ph. 1A
Sendong,Misamis Oriental,INHA-Lumbia Heights,"Brgy. Pahiron, Lumbia, Cagayan de Oro",8.4187000,124.5798100,350,Identified,INHA-Lumbia Heights Ph. 1
Sendong,Lanao Del Norte,Highland Residences,Illigan City,8.2535237,124.2685567,75,Identified,Highland Residences (Upper Hinaplanon)
Sendong,Lanao Del Norte,Iligan Bay Vista Village,"Brgy. Daligpuga, lligan City",8.3157361,124.2563672,390,Identified,Iligan Bay Vista Village (NHA Iligan Ecoville)
Sendong,Misamis Oriental,NHA-Mambuaya Village 1,"Brgy. Mambuaya, Cagayan De Oro",8.3454901,124.5980341,300,Identified,NHA-Mambuaya Village Ph. 1
Sendong,Misamis Oriental,CDO RSHP Phase 2,Cagayan de Oro,8.4568333,124.6063376,600,Identified,Cagayan de Oro RSHP Ph. 2 (Calaanan Housing Project Phase 2)
Sendong,Misamis Oriental,CDO RSHP Phase 3,Cagayan de Oro,8.4530694,124.6054269,600,Identified,Cagayan de Oro RSHP Ph. 3 (Calaanan Housing Project Phase 3 and extension)
Sendong,Misamis Oriental,Indahag Relocation Site,Cagayan de Oro,8.4317238,124.6613943,210,Identified,Indahag Relocation Site Ph. 1 (Cagayan De Oro Resettlement Project Phase 1)
Sendong,Lanao Del Norte,Kapuso Village 1,Iligan City,8.2397696,124.3136277,150,Identified,Kapuso Village
Sendong,Lanao Del Norte,Kapuso Village 2,Iligan City,8.2423876,124.3019605,100,Identified,Kapuso Village
Sendong,Lanao Del Norte,Diocese of Iligan Village,"Luinab, Iligan City",8.2489800,124.2715800,120,Identified,Diocese of Iligan Village 1-4
Sendong,Lanao Del Norte,Red Cross Village,Illigan City,8.2472734,124.3222152,250,Identified,Red Cross Village
Sendong,Lanao Del Norte,Bayanihan sa Iligan Village,Illigan City,8.1931113,124.2237419,300,Identified,Bayanihan sa Iligan Village
Sendong,Misamis Oriental,Indahag Relocation Site Ph. 2,Cagayan de Oro,8.4323182,124.6572745,320,Identified,Indahag Relocation Site Ph. 2
Sendong,Misamis Oriental,LGU-Berjaya GK VILLAGE,Cagayan de Oro,8.4618807,124.6561629,100,Identified,LGU-Berjaya GK VILLAGE
Sendong,Misamis Oriental,Calaanan Mahogany,Cagayan de Oro,8.4713200,124.6080500,130,Identified,Calaanan Mahogany
Sendong,Misamis Oriental,Canitoan Relocation Site,Cagayan de Oro,8.4726000,124.6123100,300,Probable,Canitoan Relocation Site
Sendong,Misamis Oriental,NASSA & SAC-ACDO Caritas Village,Cagayan de Oro,8.4198402,124.6683763,100,Identified,NASSA & SAC-ACDO Caritas Village
Sendong,Misamis Oriental,Tabang Cagayan Village Ph. 1,Cagayan de Oro,8.4449700,124.6162400,350,Identified,Tabang Cagayan Village Ph. 1
Sendong,Misamis Oriental,Xavier Eco Village,Cagayan de Oro,8.4042305,124.5935893,200,Identified,Xavier Eco Village
Sendong,Misamis Oriental,Pagatpat Relocation Site,Cagayan de Oro,8.4615583,124.5844645,350,Identified,Pagatpat Relocation Site
Sendong,Misamis Oriental,Divine Mercy Village,"Opol, Misamit Oriental",8.5114845,124.5644367,350,Identified,[Divine Mercy Village
Pedring,Bulacan,Towerville Phase 6 Residence Project,"Brgy. Gaya-Gaya, San Jose del Monte, Bulacan",14.7857540,121.0563559,550,Probable,Towerville Phase 6 Residence Project
Ondoy,National Capital Region,Northville 2A - Canumay,"Brgy. Canumay, Valenzuela City",14.7066421,120.9782261,140,Identified,Northville 2A - Canumay (Ondoy)
Ondoy,Bulacan,Northville 4A-4B-4C ,"Brgy. Lambakin, Marilao, Bulacan",14.7709196,120.9687681,400,Identified,"Northville 4A, 4B, 4C Res. Proj."
Ondoy,Bulacan,Northville 5A - Sta. Maria,"Brgy. Caysio, Sta. Maria, Bulacan",14.8498989,120.9633157,260,Identified,Northville 5A - Sta. Maria
Ondoy,Laguna,Southville 3 - San Pedro,"San Pedro, Laguna",14.3318969,121.0085147,450,Identified,Southville 3 - San Pedro (Ondoy)
Ondoy,Laguna,Southville 4 - Sta. Rosa City,"Sta. Rosa City, Laguna",14.2991563,121.1203950,700,Identified,Southville 4 - Sta. Rosa City
Ondoy,Laguna,Southville 5-5A,"Brgy. Timbao, Biñan City, Laguna",14.2808548,121.0528207,300,Identified,Southville 5/5A - Binan (Timbao)
Ondoy,Laguna,Southville 7,"Brgy. Kay-Aniog, Calauan, Laguna",14.1736878,121.3421700,600,Identified,Southville 7
Ondoy,Rizal,Southville 8,"Brgy. San Isidro, Rodriguez, Rizal",14.7593174,121.1501544,450,Identified,Southville 8/8A/8B - Rodriguez Hills
Ondoy,Rizal,Southville 9,"Baras, Rizal",14.6046402,121.2607607,450,Identified,Southville 9 Ph. 1 - Baras
Ondoy,Bulacan,Towerville Phase 4,"Brgy. Sto. Cristo, San Jose Del Monte, Bulacan",14.8391970,121.0900023,400,Identified,Towerville Ph. 4 Res. Proj.
Ondoy,Benguet,Tuba Resettlement Project,"Tuba, Benguet",16.4245007,120.5417532,190,Probable,Tuba Resettlement Proj. (Tagadi Housing Project)
Reming,Albay,Anislag Residential Project 2,"Brgy. Anislag, Daraga, Albay",13.0694991,123.6968324,170,Identified,Anislag Res. Proj. Phase 3
Reming,Albay,Anislag Residential Project 4,"Brgy. Anislag, Daraga, Albay",13.0659039,123.6948441,370,Probable,Anislag Resettlement Project Phase 2
Reming,Albay,Banquerohan Resettlement Project,"Banquerohan, Legazpi City, Albay",13.0497949,123.7579466,70,Identified,Banquerohan Resettlement Project
Reming,Albay,Taysan Resettlement Project,"Taysan, Legazpi City, Albay",13.1238367,123.7440724,170,Identified,Taysan Resettlement Project
Reming,Albay,Camalig Resettlement Project,"Tagaytay, Camalig, Albay",13.1584326,123.6295425,390,Identified,Camalig Resettlement Project (Tagaytay Resettlement Site/Anoling Resettlement)
Reming,Albay,Sto. Domingo Resettlement Project,San Andres Sto Domingo Albay,13.2589260,123.7846058,210,Identified,Sto. Domingo Resettlement Project
Reming,Albay,Ligao Resettlement Project ,"Tuburan, Ligao City, Albay",13.2324624,123.5515791,80,Probable,Ligao Resettlement Project 
Reming,Albay,Polangui Resettlement Project,"Lanigay, Polangui, Albay",13.3178587,123.4803343,220,Probable,Polangui Resettlement Project  (Cielo Ville Kabaluyan Resettlement Site)
Reming,Albay,Quitago Resettlement Project,"Quitago, Guinobatan, Albay",13.1696671,123.6075849,240,Identified,Quitago Resettlement Project
Reming,Albay,Mauraro Resettlement Project,"Mauraro, Guinobatan, Albay",13.1416811,123.5984595,240,Identified,Mauraro Resettlement Project
Reming,Albay,Bascaran Resettlement Project,"Bascaran, Daraga, Albay",13.0974135,123.6953172,110,Probable,Bascaran Resettlement Project
Reming,Albay,Baligang Resettlement Project,"Baligang, Camalig, Albay",13.1333846,123.6375921,300, ,Baligang Resettlement Project